{"zoom": 1.2467155205419809, "node_charge": -95.98883609731672, "node_gravity": 0.09073387323036444, "link_distance": 15, "link_distance_variation": 0, "node_collision": true, "wiggle_nodes": false, "freeze_nodes": false, "node_fill_color": "#79aaa0", "node_stroke_color": "#555555", "node_label_color": "#000000", "display_node_labels": false, "scale_node_size_by_strength": true, "node_size": 9.88015171633546, "node_stroke_width": 0.06363482891144912, "node_size_variation": 0.508438712640908, "link_color": "#7c7c7c", "link_width": 1.3816325881662597, "link_alpha": 0.2257264977731157, "link_width_variation": 0.4746905565052203, "display_singleton_nodes": true, "min_link_weight_percentile": 0, "max_link_weight_percentile": 1}