{"zoom": 1.0529656211355567, "node_charge": -86.4638864484538, "node_gravity": 0.23633269517124017, "link_distance": 15, "link_distance_variation": 0, "node_collision": true, "wiggle_nodes": false, "freeze_nodes": false, "node_fill_color": "#79aaa0", "node_stroke_color": "#555555", "node_label_color": "#000000", "display_node_labels": false, "scale_node_size_by_strength": true, "node_size": 14.661140502224567, "node_stroke_width": 0.5205615078633232, "node_size_variation": 0.3279241642125126, "link_color": "#7c7c7c", "link_width": 7.8667741602328025, "link_alpha": 0.6754657715879817, "link_width_variation": 0.4233440041311324, "display_singleton_nodes": true, "min_link_weight_percentile": 0, "max_link_weight_percentile": 1}