{"zoom": 1.1649248999734039, "node_charge": -97.3389139858633, "node_gravity": 0.2747024439297785, "link_distance": 15, "link_distance_variation": 0, "node_collision": true, "wiggle_nodes": false, "freeze_nodes": false, "node_fill_color": "#79aaa0", "node_stroke_color": "#555555", "node_label_color": "#000000", "display_node_labels": false, "scale_node_size_by_strength": true, "node_size": 10.872526998930333, "node_stroke_width": 0.7114011877005628, "node_size_variation": 0.48436502871729414, "link_color": "#7c7c7c", "link_width": 7.294445960400921, "link_alpha": 0.6855988087640927, "link_width_variation": 0.44352265475430763, "display_singleton_nodes": true, "min_link_weight_percentile": 0, "max_link_weight_percentile": 1}