{"zoom": 1.1929147196828658, "node_charge": -92.61402048374795, "node_gravity": 0.13010672205533358, "link_distance": 15, "link_distance_variation": 0, "node_collision": true, "wiggle_nodes": false, "freeze_nodes": false, "node_fill_color": "#79aaa0", "node_stroke_color": "#555555", "node_label_color": "#000000", "display_node_labels": false, "scale_node_size_by_strength": true, "node_size": 16.279651260985453, "node_stroke_width": 0.2323756095898882, "node_size_variation": 0.6905195559032677, "link_color": "#7c7c7c", "link_width": 6.340565627347786, "link_alpha": 0.7518016435228775, "link_width_variation": 2.5034965143570442, "display_singleton_nodes": true, "min_link_weight_percentile": 0, "max_link_weight_percentile": 1}