{"zoom": 1.5008027364869458, "node_charge": -87.79692999400132, "node_gravity": 0.3065090572359851, "link_distance": 15, "link_distance_variation": 0, "node_collision": true, "wiggle_nodes": false, "freeze_nodes": false, "node_fill_color": "#79aaa0", "node_stroke_color": "#555555", "node_label_color": "#000000", "display_node_labels": false, "scale_node_size_by_strength": true, "node_size": 8.327997934433803, "node_stroke_width": 0.5698571709467664, "node_size_variation": 0.7286874918707158, "link_color": "#7c7c7c", "link_width": 4.623581027852141, "link_alpha": 0.7772469341678427, "link_width_variation": 2.427160642422148, "display_singleton_nodes": true, "min_link_weight_percentile": 0, "max_link_weight_percentile": 1}