{"zoom": 1.0529656211355567, "node_charge": -89.06919452624958, "node_gravity": 0.4655421237670181, "link_distance": 15, "link_distance_variation": 0, "node_collision": true, "wiggle_nodes": true, "freeze_nodes": false, "node_fill_color": "#79aaa0", "node_stroke_color": "#555555", "node_label_color": "#000000", "display_node_labels": false, "scale_node_size_by_strength": true, "node_size": 20.096444857730244, "node_stroke_width": 0.6261040978395793, "node_size_variation": 0.6096831810479715, "link_color": "#7c7c7c", "link_width": 6.72211776056904, "link_alpha": 0.503710059734466, "link_width_variation": 0.6523516199358199, "display_singleton_nodes": true, "min_link_weight_percentile": 0, "max_link_weight_percentile": 1}